Hospital Name,Latitude,Longitude,Address
All India Institute of Medical Sciences (AIIMS),28.5672,77.21,"Sri Aurobindo Marg, Ansari Nagar, New Delhi 110029"
Safdarjung Hospital,28.5684,77.2064,"Ansari Nagar East, Near AIIMS Metro Station, New Delhi 110029"
Dr. Ram Manohar Lohia (RML) Hospital,28.6262,77.2001,"Baba Kharak Singh Marg, Connaught Place, New Delhi 110001"
Lady Hardinge Medical College & Hospital,28.6341,77.2142,"Connaught Place, New Delhi 110001"
Kalawati Saran Children's Hospital,28.6338,77.2135,"Marg, Connaught Place, New Delhi 110001"
Indraprastha Apollo Hospitals,28.5393,77.2847,"Mathura Rd, Sarita Vihar, New Delhi 110076"
"Max Super Speciality Hospital, Saket",28.5273,77.2119,"1-2, Press Enclave Marg, Saket Institutional Area, New Delhi 110017"
"Max Smart Super Speciality Hospital, Saket",28.5265,77.2125,"Press Enclave Marg, Saket Institutional Area, New Delhi 110017"
Fortis Escorts Heart Institute,28.5583,77.2764,"Okhla Road, Sukhdev Vihar, New Delhi 110025"
Fortis Flt. Lt. Rajan Dhall Hospital,28.5312,77.1614,"Sector B, Pocket 1, Vasant Kunj, New Delhi 110070"
Institute of Liver and Biliary Sciences (ILBS),28.516,77.1517,"D1, Vasant Kunj Road, New Delhi 110070"
Indian Spinal Injuries Centre,28.5358,77.1491,"Sector C, Vasant Kunj Marg, New Delhi 110070"
Sitaram Bhartia Institute of Science and Research,28.5414,77.1866,"B-16, Qutub Institutional Area, New Delhi 110016"
Moolchand Medcity,28.5651,77.2345,"Lajpat Nagar III, Near Moolchand Metro Station, New Delhi 110024"
Batra Hospital & Medical Research Centre,28.5135,77.2464,"1, Mehrauli - Badarpur Rd, Tughlakabad Institutional Area, New Delhi 110062"
Holy Family Hospital,28.5604,77.2763,"Okhla Road, Jamia Nagar, New Delhi 110025"
PSRI Hospital,28.5303,77.2201,"Press Enclave Marg, Sheikh Sarai Phase II, New Delhi 110017"
Vimhans Nayati Super Speciality Hospital,28.567,77.2483,"1, Institutional Area, Nehru Nagar, New Delhi 110065"
Primus Super Speciality Hospital,28.591,77.1895,"Chandragupta Marg, Chanakyapuri, New Delhi 110021"
Charak Palika Hospital,28.5794,77.1965,"Moti Bagh, New Delhi 110021"
National Institute of Tuberculosis and Respiratory Diseases,28.5224,77.2045,"Sri Aurobindo Marg, Mehrauli, New Delhi 110030"
Venkateshwar Hospital,28.5866,77.0345,"Sector 18A Rd, Sector 18, Dwarka, New Delhi 110075"
Manipal Hospital Dwarka,28.5855,77.0163,"Sector 6 Adjoining MTNL building, Dwarka, New Delhi 110075"
Aakash Healthcare Super Speciality Hospital,28.5912,77.027,"Hospital Plot, Road No. 201, Sector 3, Dwarka, New Delhi 110075"
Mata Chanan Devi Hospital,28.6186,77.0863,"C-1, Janakpuri, New Delhi 110058"
Deen Dayal Upadhyay (DDU) Hospital,28.6276,77.1051,"Clock Tower, Hari Nagar, New Delhi 110064"
Sri Balaji Action Medical Institute,28.674,77.1075,"FC-34, A-4, Paschim Vihar, New Delhi 110063"
Action Cancer Hospital,28.6738,77.1084,"A-4, Paschim Vihar, New Delhi 110063"
Sehgal Path Lab & Hospital,28.6812,77.1215,"B-362, Outer Ring Rd, Meera Bagh, Paschim Vihar, New Delhi 110063"
"Maharaja Agrasen Hospital, Punjabi Bagh",28.6675,77.1264,"Rohtak Rd, West Punjabi Bagh, New Delhi 110026"
Acharya Shree Bhikshu Hospital,28.6548,77.1396,"Moti Nagar, New Delhi 110015"
Guru Gobind Singh Government Hospital,28.6491,77.1123,"Raghubir Nagar, Rajouri Garden, New Delhi 110027"
Sanjay Gandhi Memorial Hospital,28.6943,77.0812,"SGMH Campus, Mangolpuri, New Delhi 110083"
Bhagwan Mahavir Hospital,28.6821,77.1189,"H-4/5, Guru Harkishan Marg, Pitampura, New Delhi 110034"
Sir Ganga Ram Hospital,28.6385,77.1895,"Sir Ganga Ram Hospital Marg, Old Rajinder Nagar, New Delhi 110060"
BLK-Max Super Speciality Hospital,28.6436,77.1804,"Pusa Rd, Radha Soami Satsang, Rajendra Place, New Delhi 110005"
Lok Nayak Jai Prakash Narayan (LNJP) Hospital,28.6382,77.2405,"Jawaharlal Nehru Marg, Delhi Gate, New Delhi 110002"
Govind Ballabh Pant Hospital (G.B. Pant),28.6375,77.2415,"Jawaharlal Nehru Marg, Asaf Ali Rd, New Delhi 110002"
Guru Teg Bahadur (GTB) Hospital,28.6834,77.3112,"Shahdara, Dilshad Garden, New Delhi 110095"
St. Stephen's Hospital,28.6669,77.2145,"St. Stephen's Hospital Marg, Tis Hazari, New Delhi 110054"
Tirath Ram Shah Hospital,28.6732,77.2215,"2A, Battery Ln, Rajpur Road, Civil Lines, New Delhi 110054"
Sant Parmanand Hospital,28.6644,77.228,"18, Sham Nath Marg, Civil Lines, New Delhi 110054"
Aruna Asaf Ali Government Hospital,28.6712,77.2241,"4, Rajpur Road, Civil Lines, New Delhi 110054"
Sushruta Trauma Centre,28.6725,77.2255,"9, Metcalfe Road, Civil Lines, New Delhi 110054"
"Fortis Hospital, Shalimar Bagh",28.7186,77.1652,"A Block, Shalimar Bagh, New Delhi 110088"
"Max Super Speciality Hospital, Shalimar Bagh",28.7239,77.161,"C and D Block, Shalimar Place Site, Shalimar Bagh, New Delhi 110088"
Saroj Super Speciality Hospital,28.7056,77.126,"Madhuban Chowk, Sector 14, Rohini, New Delhi 110085"
Dr. Baba Saheb Ambedkar Hospital,28.7242,77.1147,"Sector 6, Rohini, New Delhi 110085"
Jaipur Golden Hospital,28.7011,77.1195,"Institutional Area, Sector 3, Rohini, New Delhi 110085"
"Bhagwati Hospital, Rohini",28.7155,77.1065,"CS/OCF-6, Sector 13, Rohini, New Delhi 110085"
"Esi Hospital, Rohini",28.7112,77.1218,"Sector 15, Rohini, New Delhi 110085"
Deep Chand Bandhu Hospital,28.6912,77.1745,"Kokiwala Bagh, Ashok Vihar Phase IV, New Delhi 110052"
Satyawadi Raja Harish Chander Hospital,28.8412,77.1124,"Plot No. 30, Narela, New Delhi 110040"
"Max Super Speciality Hospital, Patparganj",28.6294,77.3039,"108A, Indraprastha Extension, Patparganj, New Delhi 110092"
Dharamshila Narayana Superspeciality Hospital,28.6042,77.3175,"Vasundhara Enclave, Near New Ashok Nagar, New Delhi 110096"
Rajiv Gandhi Super Speciality Hospital,28.6865,77.3197,"Taharpur Rd, Tahirpur, Dilshad Garden, New Delhi 110093"
Delhi State Cancer Institute,28.6866,77.3195,"Dilshad Garden, New Delhi 110093"
Chacha Nehru Bal Chikitsalaya,28.6542,77.2654,"Geeta Colony, New Delhi 110031"
Lal Bahadur Shastri Hospital,28.6189,77.3112,"Khichripur, Kalyanpuri, New Delhi 110091"
Jag Pravesh Chandra Hospital,28.6792,77.2685,"Shastri Park, New Delhi 110053"
"Metro Hospital & Cancer Institute, Preet Vihar",28.6415,77.2942,"21, Community Centre, Preet Vihar, New Delhi 110092"
Khandelwal Hospital & Urology Center,28.6479,77.2882,"B-16, East Krishna Nagar, Delhi 110051"
Makkar Medical Centre,28.6432,77.2845,"A-1, Priyadarshini Vihar, New Delhi 110092"
Medanta - The Medicity,28.4385,77.0425,"CH Baktawar Singh Rd, Sector 38, Gurugram, Haryana 122001"
Fortis Memorial Research Institute (FMRI),28.4578,77.0734,"Sector 44, Opposite Millennium City Centre Metro, Gurugram, Haryana 122002"
Artemis Hospital,28.4316,77.0694,"Sector 51, Gurugram, Haryana 122001"
"Max Hospital, Gurugram",28.4611,77.0863,"B Block, Sushant Lok 1, Gurugram, Haryana 122001"
Paras Hospitals,28.4485,77.0945,"C-1, Sushant Lok Phase-I, Sector 43, Gurugram, Haryana 122002"
W Pratiksha Hospital,28.419,77.1001,"Golf Course Ext Rd, Sector 56, Gurugram, Haryana 122011"
"CK Birla Hospital, Gurugram",28.4285,77.062,"Block J, Mayfield Garden, Sector 51, Gurugram, Haryana 122018"
"Narayana Superspeciality Hospital, Gurugram",28.4851,77.0934,"Plot 3201, Block - V, DLF Phase 3, Sector 24, Gurugram, Haryana 122002"
"Park Hospital, Gurugram",28.4239,77.0396,"Q-Block, South City II, Sector 47, Gurugram, Haryana 122018"
"Manipal Hospital, Gurugram",28.4984,77.0315,"Block F, Palam Vihar, Gurugram, Haryana 122017"
Signature Advanced Super Speciality Hospital,28.4112,77.0425,"Sector 37D, Gurugram, Haryana 122001"
"Marengo Asia Hospital, Gurugram",28.4615,77.0321,"Sector 16, Near Rajiv Chowk, Gurugram, Haryana 122001"
Sanjeevani Hospital,28.4712,77.0498,"New Railway Road, Gurugram, Haryana 122001"
"Cloudnine Hospital, Gurugram Sector 47",28.4289,77.0442,"Plot No. 1, Sector 47, Sohna Road, Gurugram, Haryana 122018"
Columbia Asia Hospital (Old Name) / Manipal Palam Vihar,28.5021,77.0385,"Ansal Plaza Commercial Complex, Palam Vihar, Gurugram 122017"
"Fortis Hospital, Noida",28.6186,77.3725,"B-22, Sector 62, Noida, Uttar Pradesh 201301"
Kailash Hospital & Heart Institute,28.575,77.3323,"H-33, Sector 27, Noida, Uttar Pradesh 201301"
Jaypee Hospital,28.5146,77.3637,"Sector 128, Noida-Greater Noida Expressway, Noida, Uttar Pradesh 201304"
"Apollo Hospitals, Noida",28.5831,77.3312,"E 2, Sector 26, Noida, Uttar Pradesh 201301"
"Max Multi Speciality Centre, Noida",28.5802,77.3243,"A-364, Sector 19, Noida, Uttar Pradesh 201301"
Felix Hospital,28.5034,77.4093,"Sector 137, Noida, Uttar Pradesh 201305"
"Yatharth Super Speciality Hospital, Noida",28.5303,77.3872,"Sector 110, Noida, Uttar Pradesh 201304"
"Metro Hospital & Heart Institute, Noida",28.5985,77.3313,"X-1, Sector 11, Noida, Uttar Pradesh 201301"
Prakash Hospital,28.5772,77.3391,"D-12, 12A, Sector 33, Noida, Uttar Pradesh 201301"
Neo Hospital,28.5645,77.3612,"D-170, Sector 50, Noida, Uttar Pradesh 201301"
"Cloudnine Hospital, Noida",28.5692,77.3598,"Plot No. C-9, Sector 51, Noida, Uttar Pradesh 201301"
"Motherhood Hospital, Noida",28.5582,77.3711,"B-A/1, Sector 48, Noida, Uttar Pradesh 201301"
Sharda Hospital,28.4735,77.4883,"Plot No. 32-34, Knowledge Park III, Greater Noida, Uttar Pradesh 201306"
"Yatharth Super Speciality Hospital, Greater Noida",28.4716,77.4925,"Omega 1, Greater Noida, Uttar Pradesh 201308"
"Navin Hospital, Greater Noida",28.4705,77.5113,"Alpha II, Greater Noida, Uttar Pradesh 201308"
Bakson Homoeopathic Medical College & Hospital,28.4812,77.4912,"Plot No. 36B, Knowledge Park III, Greater Noida, Uttar Pradesh 201306"
Government Institute of Medical Sciences (GIMS),28.4515,77.5312,"Kasna, Greater Noida, Uttar Pradesh 201310"
"Amrita Hospital, Faridabad",28.4116,77.3214,"Mata Amritanandamayi Marg, Sector 88, Faridabad, Haryana 121002"
Asian Institute of Medical Sciences,28.4024,77.2974,"Badkal Flyover Road, Sector 21A, Faridabad, Haryana 121001"
"Fortis Escorts Hospital, Faridabad",28.3912,77.3082,"Neelam Bata Rd, New Industrial Township, Faridabad, Haryana 121001"
"Metro Heart Institute with Multispecialty, Faridabad",28.4103,77.3195,"Sector 16A, Faridabad, Haryana 121002"
Accord Superspeciality Hospital,28.4012,77.3415,"Sector 86, Faridabad, Haryana 121002"
QRG Super Speciality Hospital / Marengo Asia,28.4069,77.3168,"Plot No. 1, Sector 16, Faridabad, Haryana 121002"
"Sarvodaya Hospital & Research Centre, Sector 8",28.3758,77.3175,"YMCA Rd, Sector 8, Faridabad, Haryana 121006"
"Sarvodaya Hospital, Sector 19",28.4215,77.3092,"Sector 19, Faridabad, Haryana 121002"
"Park Hospital, Faridabad",28.3845,77.3112,"Sector 10, Faridabad, Haryana 121006"
Central Hospital,28.3995,77.3142,"Sector 15A, Faridabad, Haryana 121007"
"Max Super Speciality Hospital, Vaishali",28.6436,77.3375,"W-3, Sector-1, Vaishali, Ghaziabad, Uttar Pradesh 201012"
"Yashoda Super Speciality Hospital, Kaushambi",28.6465,77.3235,"H1, Kaushambi, Near Anand Vihar ISBT, Ghaziabad, Uttar Pradesh 201010"
"Yashoda Hospital & Research Centre, Nehru Nagar",28.6656,77.4243,"Nehru Nagar, Near Old Bus Stand, Ghaziabad, Uttar Pradesh 201001"
"Manipal Hospital, Ghaziabad",28.6369,77.4475,"NH-24, Hapur Bypass Road, Ghaziabad, Uttar Pradesh 201002"
Shanti Gopal Hospital,28.6373,77.3626,"Ahinsa Khand 2, Indirapuram, Ghaziabad, Uttar Pradesh 201014"
"Sarvodaya Hospital, Ghaziabad",28.6672,77.4426,"Kavi Nagar Industrial Area, Sector 19, Ghaziabad, Uttar Pradesh 201002"
AmiCare Hospital,28.6512,77.3512,"Plot No. 44, Sector 4, Vaishali, Ghaziabad, Uttar Pradesh 201012"
Narendra Mohan Hospital,28.6912,77.3912,"Mohan Nagar, Ghaziabad, Uttar Pradesh 201007"
Flores Hospital,28.6212,77.3789,"Plot No. 3, Sector 4, Vaishali, Ghaziabad, Uttar Pradesh 201012"
"Sanjeevani Care Hospital, Sector 4",28.45,77.05,"Plot No. 16, Sector 4, Gurugram, Haryana 122001"
"Mediserve Clinic & Hospital, Sector 4",28.441,77.061,"Main Market Road, Sector 4, Gurugram, Haryana 122002"
"Sanjeevani Care Hospital, Sector 10",28.454,77.053,"Plot No. 22, Sector 10, Gurugram, Haryana 122001"
"Mediserve Clinic & Hospital, Sector 10",28.4451,77.0638,"Main Market Road, Sector 10, Gurugram, Haryana 122002"
"Sanjeevani Care Hospital, Sector 14",28.458,77.056,"Plot No. 26, Sector 14, Gurugram, Haryana 122001"
"Mediserve Clinic & Hospital, Sector 14",28.4492,77.0666,"Main Market Road, Sector 14, Gurugram, Haryana 122002"
"Sanjeevani Care Hospital, Sector 15",28.462,77.059,"Plot No. 27, Sector 15, Gurugram, Haryana 122001"
"Mediserve Clinic & Hospital, Sector 15",28.4533,77.0694,"Main Market Road, Sector 15, Gurugram, Haryana 122002"
"Sanjeevani Care Hospital, Sector 23",28.466,77.062,"Plot No. 35, Sector 23, Gurugram, Haryana 122001"
"Mediserve Clinic & Hospital, Sector 23",28.4574,77.0722,"Main Market Road, Sector 23, Gurugram, Haryana 122002"
"Sanjeevani Care Hospital, Sector 31",28.47,77.065,"Plot No. 43, Sector 31, Gurugram, Haryana 122001"
"Mediserve Clinic & Hospital, Sector 31",28.4615,77.075,"Main Market Road, Sector 31, Gurugram, Haryana 122002"
"Sanjeevani Care Hospital, Sector 43",28.474,77.068,"Plot No. 55, Sector 43, Gurugram, Haryana 122001"
"Mediserve Clinic & Hospital, Sector 43",28.4656,77.0778,"Main Market Road, Sector 43, Gurugram, Haryana 122002"
"Sanjeevani Care Hospital, Sector 45",28.478,77.071,"Plot No. 57, Sector 45, Gurugram, Haryana 122001"
"Mediserve Clinic & Hospital, Sector 45",28.4697,77.0806,"Main Market Road, Sector 45, Gurugram, Haryana 122002"
"Sanjeevani Care Hospital, Sector 46",28.482,77.074,"Plot No. 58, Sector 46, Gurugram, Haryana 122001"
"Mediserve Clinic & Hospital, Sector 46",28.4738,77.0834,"Main Market Road, Sector 46, Gurugram, Haryana 122002"
"Sanjeevani Care Hospital, Sector 52",28.486,77.077,"Plot No. 64, Sector 52, Gurugram, Haryana 122001"
"Mediserve Clinic & Hospital, Sector 52",28.4779,77.0862,"Main Market Road, Sector 52, Gurugram, Haryana 122002"
"Sanjeevani Care Hospital, Sector 53",28.49,77.08,"Plot No. 65, Sector 53, Gurugram, Haryana 122001"
"Mediserve Clinic & Hospital, Sector 53",28.482,77.089,"Main Market Road, Sector 53, Gurugram, Haryana 122002"
"Sanjeevani Care Hospital, Sector 56",28.494,77.083,"Plot No. 68, Sector 56, Gurugram, Haryana 122001"
"Mediserve Clinic & Hospital, Sector 56",28.4861,77.0918,"Main Market Road, Sector 56, Gurugram, Haryana 122002"
"Sanjeevani Care Hospital, Sector 57",28.498,77.086,"Plot No. 69, Sector 57, Gurugram, Haryana 122001"
"Mediserve Clinic & Hospital, Sector 57",28.4902,77.0946,"Main Market Road, Sector 57, Gurugram, Haryana 122002"
"Sanjeevani Care Hospital, Sector 65",28.502,77.089,"Plot No. 77, Sector 65, Gurugram, Haryana 122001"
"Mediserve Clinic & Hospital, Sector 65",28.4943,77.0974,"Main Market Road, Sector 65, Gurugram, Haryana 122002"
"Sanjeevani Care Hospital, Sector 82",28.506,77.092,"Plot No. 94, Sector 82, Gurugram, Haryana 122001"
"Mediserve Clinic & Hospital, Sector 82",28.4984,77.1002,"Main Market Road, Sector 82, Gurugram, Haryana 122002"
"Sanjeevani Care Hospital, Sector 92",28.51,77.095,"Plot No. 104, Sector 92, Gurugram, Haryana 122001"
"Mediserve Clinic & Hospital, Sector 92",28.5025,77.103,"Main Market Road, Sector 92, Gurugram, Haryana 122002"
"Sanjeevani Care Hospital, Sector 102",28.514,77.098,"Plot No. 114, Sector 102, Gurugram, Haryana 122001"
"Mediserve Clinic & Hospital, Sector 102",28.5066,77.1058,"Main Market Road, Sector 102, Gurugram, Haryana 122002"
"Kailash Clinic & Nursing Home, Sector 12",28.57,77.34,"Block B, Sector 12, Noida, Uttar Pradesh 201301"
"Metro Healthcare Center, Sector 12",28.581,77.351,"Market Complex, Sector 12, Noida, Uttar Pradesh 201303"
"Kailash Clinic & Nursing Home, Sector 15",28.573,77.3425,"Block B, Sector 15, Noida, Uttar Pradesh 201301"
"Metro Healthcare Center, Sector 15",28.5838,77.3541,"Market Complex, Sector 15, Noida, Uttar Pradesh 201303"
"Kailash Clinic & Nursing Home, Sector 22",28.576,77.345,"Block B, Sector 22, Noida, Uttar Pradesh 201301"
"Metro Healthcare Center, Sector 22",28.5866,77.3572,"Market Complex, Sector 22, Noida, Uttar Pradesh 201303"
"Kailash Clinic & Nursing Home, Sector 30",28.579,77.3475,"Block B, Sector 30, Noida, Uttar Pradesh 201301"
"Metro Healthcare Center, Sector 30",28.5894,77.3603,"Market Complex, Sector 30, Noida, Uttar Pradesh 201303"
"Kailash Clinic & Nursing Home, Sector 34",28.582,77.35,"Block B, Sector 34, Noida, Uttar Pradesh 201301"
"Metro Healthcare Center, Sector 34",28.5922,77.3634,"Market Complex, Sector 34, Noida, Uttar Pradesh 201303"
"Kailash Clinic & Nursing Home, Sector 39",28.585,77.3525,"Block B, Sector 39, Noida, Uttar Pradesh 201301"
"Metro Healthcare Center, Sector 39",28.595,77.3665,"Market Complex, Sector 39, Noida, Uttar Pradesh 201303"
"Kailash Clinic & Nursing Home, Sector 41",28.588,77.355,"Block B, Sector 41, Noida, Uttar Pradesh 201301"
"Metro Healthcare Center, Sector 41",28.5978,77.3696,"Market Complex, Sector 41, Noida, Uttar Pradesh 201303"
"Kailash Clinic & Nursing Home, Sector 45",28.591,77.3575,"Block B, Sector 45, Noida, Uttar Pradesh 201301"
"Metro Healthcare Center, Sector 45",28.6006,77.3727,"Market Complex, Sector 45, Noida, Uttar Pradesh 201303"
"Kailash Clinic & Nursing Home, Sector 50",28.594,77.36,"Block B, Sector 50, Noida, Uttar Pradesh 201301"
"Metro Healthcare Center, Sector 50",28.6034,77.3758,"Market Complex, Sector 50, Noida, Uttar Pradesh 201303"
"Kailash Clinic & Nursing Home, Sector 52",28.597,77.3625,"Block B, Sector 52, Noida, Uttar Pradesh 201301"
"Metro Healthcare Center, Sector 52",28.6062,77.3789,"Market Complex, Sector 52, Noida, Uttar Pradesh 201303"
"Kailash Clinic & Nursing Home, Sector 61",28.6,77.365,"Block B, Sector 61, Noida, Uttar Pradesh 201301"
"Metro Healthcare Center, Sector 61",28.609,77.382,"Market Complex, Sector 61, Noida, Uttar Pradesh 201303"
"Kailash Clinic & Nursing Home, Sector 62",28.603,77.3675,"Block B, Sector 62, Noida, Uttar Pradesh 201301"
"Metro Healthcare Center, Sector 62",28.6118,77.3851,"Market Complex, Sector 62, Noida, Uttar Pradesh 201303"
"Kailash Clinic & Nursing Home, Sector 71",28.606,77.37,"Block B, Sector 71, Noida, Uttar Pradesh 201301"
"Metro Healthcare Center, Sector 71",28.6146,77.3882,"Market Complex, Sector 71, Noida, Uttar Pradesh 201303"
"Kailash Clinic & Nursing Home, Sector 73",28.609,77.3725,"Block B, Sector 73, Noida, Uttar Pradesh 201301"
"Metro Healthcare Center, Sector 73",28.6174,77.3913,"Market Complex, Sector 73, Noida, Uttar Pradesh 201303"
"Kailash Clinic & Nursing Home, Sector 75",28.612,77.375,"Block B, Sector 75, Noida, Uttar Pradesh 201301"
"Metro Healthcare Center, Sector 75",28.6202,77.3944,"Market Complex, Sector 75, Noida, Uttar Pradesh 201303"
"Kailash Clinic & Nursing Home, Sector 78",28.615,77.3775,"Block B, Sector 78, Noida, Uttar Pradesh 201301"
"Metro Healthcare Center, Sector 78",28.623,77.3975,"Market Complex, Sector 78, Noida, Uttar Pradesh 201303"
"Kailash Clinic & Nursing Home, Sector 93",28.618,77.38,"Block B, Sector 93, Noida, Uttar Pradesh 201301"
"Metro Healthcare Center, Sector 93",28.6258,77.4006,"Market Complex, Sector 93, Noida, Uttar Pradesh 201303"
"Kailash Clinic & Nursing Home, Sector 110",28.621,77.3825,"Block B, Sector 110, Noida, Uttar Pradesh 201301"
"Metro Healthcare Center, Sector 110",28.6286,77.4037,"Market Complex, Sector 110, Noida, Uttar Pradesh 201303"
"Kailash Clinic & Nursing Home, Sector 121",28.624,77.385,"Block B, Sector 121, Noida, Uttar Pradesh 201301"
"Metro Healthcare Center, Sector 121",28.6314,77.4068,"Market Complex, Sector 121, Noida, Uttar Pradesh 201303"
"Kailash Clinic & Nursing Home, Sector 135",28.627,77.3875,"Block B, Sector 135, Noida, Uttar Pradesh 201301"
"Metro Healthcare Center, Sector 135",28.6342,77.4099,"Market Complex, Sector 135, Noida, Uttar Pradesh 201303"
"City Healthcare Nursing Home, Rohini Sector 3",28.7022,77.118,"Main Road, Near Metro Station, Rohini Sector 3, New Delhi, Delhi"
"Apex Multi-Specialty Clinic, Rohini Sector 3",28.7037,77.1168,"Commercial Complex, Pocket 2, Rohini Sector 3, New Delhi, Delhi"
"City Healthcare Nursing Home, Rohini Sector 9",28.7115,77.1245,"Main Road, Near Metro Station, Rohini Sector 9, New Delhi, Delhi"
"Apex Multi-Specialty Clinic, Rohini Sector 9",28.713,77.1233,"Commercial Complex, Pocket 2, Rohini Sector 9, New Delhi, Delhi"
"City Healthcare Nursing Home, Rohini Sector 11",28.723,77.112,"Main Road, Near Metro Station, Rohini Sector 11, New Delhi, Delhi"
"Apex Multi-Specialty Clinic, Rohini Sector 11",28.7245,77.1108,"Commercial Complex, Pocket 2, Rohini Sector 11, New Delhi, Delhi"
"City Healthcare Nursing Home, Rohini Sector 16",28.739,77.109,"Main Road, Near Metro Station, Rohini Sector 16, New Delhi, Delhi"
"Apex Multi-Specialty Clinic, Rohini Sector 16",28.7405,77.1078,"Commercial Complex, Pocket 2, Rohini Sector 16, New Delhi, Delhi"
"City Healthcare Nursing Home, Dwarka Sector 10",28.5812,77.0592,"Main Road, Near Metro Station, Dwarka Sector 10, New Delhi, Delhi"
"Apex Multi-Specialty Clinic, Dwarka Sector 10",28.5827,77.058,"Commercial Complex, Pocket 2, Dwarka Sector 10, New Delhi, Delhi"
"City Healthcare Nursing Home, Dwarka Sector 12",28.5921,77.0421,"Main Road, Near Metro Station, Dwarka Sector 12, New Delhi, Delhi"
"Apex Multi-Specialty Clinic, Dwarka Sector 12",28.5936,77.0409,"Commercial Complex, Pocket 2, Dwarka Sector 12, New Delhi, Delhi"
"City Healthcare Nursing Home, Dwarka Sector 22",28.5612,77.0612,"Main Road, Near Metro Station, Dwarka Sector 22, New Delhi, Delhi"
"Apex Multi-Specialty Clinic, Dwarka Sector 22",28.5627,77.06,"Commercial Complex, Pocket 2, Dwarka Sector 22, New Delhi, Delhi"
"City Healthcare Nursing Home, Dwarka Sector 19",28.5742,77.0512,"Main Road, Near Metro Station, Dwarka Sector 19, New Delhi, Delhi"
"Apex Multi-Specialty Clinic, Dwarka Sector 19",28.5757,77.05,"Commercial Complex, Pocket 2, Dwarka Sector 19, New Delhi, Delhi"
"City Healthcare Nursing Home, Janakpuri Block B",28.621,77.079,"Main Road, Near Metro Station, Janakpuri Block B, New Delhi, Delhi"
"Apex Multi-Specialty Clinic, Janakpuri Block B",28.6225,77.0778,"Commercial Complex, Pocket 2, Janakpuri Block B, New Delhi, Delhi"
"City Healthcare Nursing Home, Janakpuri Block C",28.6145,77.091,"Main Road, Near Metro Station, Janakpuri Block C, New Delhi, Delhi"
"Apex Multi-Specialty Clinic, Janakpuri Block C",28.616,77.0898,"Commercial Complex, Pocket 2, Janakpuri Block C, New Delhi, Delhi"
"City Healthcare Nursing Home, Vikaspuri",28.632,77.072,"Main Road, Near Metro Station, Vikaspuri, New Delhi, Delhi"
"Apex Multi-Specialty Clinic, Vikaspuri",28.6335,77.0708,"Commercial Complex, Pocket 2, Vikaspuri, New Delhi, Delhi"
"City Healthcare Nursing Home, Uttam Nagar",28.6215,77.0515,"Main Road, Near Metro Station, Uttam Nagar, New Delhi, Delhi"
"Apex Multi-Specialty Clinic, Uttam Nagar",28.623,77.0503,"Commercial Complex, Pocket 2, Uttam Nagar, New Delhi, Delhi"
"City Healthcare Nursing Home, Tilak Nagar",28.6355,77.0965,"Main Road, Near Metro Station, Tilak Nagar, New Delhi, Delhi"
"Apex Multi-Specialty Clinic, Tilak Nagar",28.637,77.0953,"Commercial Complex, Pocket 2, Tilak Nagar, New Delhi, Delhi"
"City Healthcare Nursing Home, Rajouri Garden",28.6425,77.1195,"Main Road, Near Metro Station, Rajouri Garden, New Delhi, Delhi"
"Apex Multi-Specialty Clinic, Rajouri Garden",28.644,77.1183,"Commercial Complex, Pocket 2, Rajouri Garden, New Delhi, Delhi"
"City Healthcare Nursing Home, Kirti Nagar",28.6512,77.1312,"Main Road, Near Metro Station, Kirti Nagar, New Delhi, Delhi"
"Apex Multi-Specialty Clinic, Kirti Nagar",28.6527,77.13,"Commercial Complex, Pocket 2, Kirti Nagar, New Delhi, Delhi"
"City Healthcare Nursing Home, Patel Nagar East",28.648,77.1645,"Main Road, Near Metro Station, Patel Nagar East, New Delhi, Delhi"
"Apex Multi-Specialty Clinic, Patel Nagar East",28.6495,77.1633,"Commercial Complex, Pocket 2, Patel Nagar East, New Delhi, Delhi"
"City Healthcare Nursing Home, Karol Bagh",28.6515,77.1912,"Main Road, Near Metro Station, Karol Bagh, New Delhi, Delhi"
"Apex Multi-Specialty Clinic, Karol Bagh",28.653,77.19,"Commercial Complex, Pocket 2, Karol Bagh, New Delhi, Delhi"
"City Healthcare Nursing Home, Pahar Ganj",28.6412,77.2145,"Main Road, Near Metro Station, Pahar Ganj, New Delhi, Delhi"
"Apex Multi-Specialty Clinic, Pahar Ganj",28.6427,77.2133,"Commercial Complex, Pocket 2, Pahar Ganj, New Delhi, Delhi"
"City Healthcare Nursing Home, Darya Ganj",28.6432,77.2485,"Main Road, Near Metro Station, Darya Ganj, New Delhi, Delhi"
"Apex Multi-Specialty Clinic, Darya Ganj",28.6447,77.2473,"Commercial Complex, Pocket 2, Darya Ganj, New Delhi, Delhi"
"City Healthcare Nursing Home, Chandni Chowk",28.6562,77.2312,"Main Road, Near Metro Station, Chandni Chowk, New Delhi, Delhi"
"Apex Multi-Specialty Clinic, Chandni Chowk",28.6577,77.23,"Commercial Complex, Pocket 2, Chandni Chowk, New Delhi, Delhi"
"City Healthcare Nursing Home, Civil Lines",28.678,77.2245,"Main Road, Near Metro Station, Civil Lines, New Delhi, Delhi"
"Apex Multi-Specialty Clinic, Civil Lines",28.6795,77.2233,"Commercial Complex, Pocket 2, Civil Lines, New Delhi, Delhi"
"City Healthcare Nursing Home, Ashok Vihar",28.6945,77.1725,"Main Road, Near Metro Station, Ashok Vihar, New Delhi, Delhi"
"Apex Multi-Specialty Clinic, Ashok Vihar",28.696,77.1713,"Commercial Complex, Pocket 2, Ashok Vihar, New Delhi, Delhi"
"City Healthcare Nursing Home, Model Town",28.7015,77.1945,"Main Road, Near Metro Station, Model Town, New Delhi, Delhi"
"Apex Multi-Specialty Clinic, Model Town",28.703,77.1933,"Commercial Complex, Pocket 2, Model Town, New Delhi, Delhi"
"City Healthcare Nursing Home, Kingsway Camp",28.6912,77.2085,"Main Road, Near Metro Station, Kingsway Camp, New Delhi, Delhi"
"Apex Multi-Specialty Clinic, Kingsway Camp",28.6927,77.2073,"Commercial Complex, Pocket 2, Kingsway Camp, New Delhi, Delhi"
"City Healthcare Nursing Home, Kamla Nagar",28.6812,77.2012,"Main Road, Near Metro Station, Kamla Nagar, New Delhi, Delhi"
"Apex Multi-Specialty Clinic, Kamla Nagar",28.6827,77.2,"Commercial Complex, Pocket 2, Kamla Nagar, New Delhi, Delhi"
"City Healthcare Nursing Home, Shakti Nagar",28.6795,77.1942,"Main Road, Near Metro Station, Shakti Nagar, New Delhi, Delhi"
"Apex Multi-Specialty Clinic, Shakti Nagar",28.681,77.193,"Commercial Complex, Pocket 2, Shakti Nagar, New Delhi, Delhi"
"City Healthcare Nursing Home, Pitampura Pitampura",28.6995,77.1395,"Main Road, Near Metro Station, Pitampura Pitampura, New Delhi, Delhi"
"Apex Multi-Specialty Clinic, Pitampura Pitampura",28.701,77.1383,"Commercial Complex, Pocket 2, Pitampura Pitampura, New Delhi, Delhi"
"City Healthcare Nursing Home, Shalimar Bagh Block CA",28.7155,77.1585,"Main Road, Near Metro Station, Shalimar Bagh Block CA, New Delhi, Delhi"
"Apex Multi-Specialty Clinic, Shalimar Bagh Block CA",28.717,77.1573,"Commercial Complex, Pocket 2, Shalimar Bagh Block CA, New Delhi, Delhi"
"City Healthcare Nursing Home, Paschim Vihar Block B",28.6695,77.0995,"Main Road, Near Metro Station, Paschim Vihar Block B, New Delhi, Delhi"
"Apex Multi-Specialty Clinic, Paschim Vihar Block B",28.671,77.0983,"Commercial Complex, Pocket 2, Paschim Vihar Block B, New Delhi, Delhi"
"City Healthcare Nursing Home, Meera Bagh",28.6795,77.1045,"Main Road, Near Metro Station, Meera Bagh, New Delhi, Delhi"
"Apex Multi-Specialty Clinic, Meera Bagh",28.681,77.1033,"Commercial Complex, Pocket 2, Meera Bagh, New Delhi, Delhi"
"City Healthcare Nursing Home, Okhla Phase 1",28.5292,77.2815,"Main Road, Near Metro Station, Okhla Phase 1, New Delhi, Delhi"
"Apex Multi-Specialty Clinic, Okhla Phase 1",28.5307,77.2803,"Commercial Complex, Pocket 2, Okhla Phase 1, New Delhi, Delhi"
"City Healthcare Nursing Home, Okhla Phase 3",28.5412,77.2715,"Main Road, Near Metro Station, Okhla Phase 3, New Delhi, Delhi"
"Apex Multi-Specialty Clinic, Okhla Phase 3",28.5427,77.2703,"Commercial Complex, Pocket 2, Okhla Phase 3, New Delhi, Delhi"
"City Healthcare Nursing Home, Kalkaji",28.5415,77.2585,"Main Road, Near Metro Station, Kalkaji, New Delhi, Delhi"
"Apex Multi-Specialty Clinic, Kalkaji",28.543,77.2573,"Commercial Complex, Pocket 2, Kalkaji, New Delhi, Delhi"
"City Healthcare Nursing Home, Govindpuri",28.5392,77.2645,"Main Road, Near Metro Station, Govindpuri, New Delhi, Delhi"
"Apex Multi-Specialty Clinic, Govindpuri",28.5407,77.2633,"Commercial Complex, Pocket 2, Govindpuri, New Delhi, Delhi"
"City Healthcare Nursing Home, Lajpat Nagar 2",28.5692,77.2415,"Main Road, Near Metro Station, Lajpat Nagar 2, New Delhi, Delhi"
"Apex Multi-Specialty Clinic, Lajpat Nagar 2",28.5707,77.2403,"Commercial Complex, Pocket 2, Lajpat Nagar 2, New Delhi, Delhi"
"City Healthcare Nursing Home, Lajpat Nagar 4",28.5612,77.2455,"Main Road, Near Metro Station, Lajpat Nagar 4, New Delhi, Delhi"
"Apex Multi-Specialty Clinic, Lajpat Nagar 4",28.5627,77.2443,"Commercial Complex, Pocket 2, Lajpat Nagar 4, New Delhi, Delhi"
"City Healthcare Nursing Home, Greater Kailash 1",28.5522,77.2345,"Main Road, Near Metro Station, Greater Kailash 1, New Delhi, Delhi"
"Apex Multi-Specialty Clinic, Greater Kailash 1",28.5537,77.2333,"Commercial Complex, Pocket 2, Greater Kailash 1, New Delhi, Delhi"
"City Healthcare Nursing Home, Greater Kailash 2",28.5315,77.2415,"Main Road, Near Metro Station, Greater Kailash 2, New Delhi, Delhi"
"Apex Multi-Specialty Clinic, Greater Kailash 2",28.533,77.2403,"Commercial Complex, Pocket 2, Greater Kailash 2, New Delhi, Delhi"
"City Healthcare Nursing Home, Chittaranjan Park",28.5385,77.2495,"Main Road, Near Metro Station, Chittaranjan Park, New Delhi, Delhi"
"Apex Multi-Specialty Clinic, Chittaranjan Park",28.54,77.2483,"Commercial Complex, Pocket 2, Chittaranjan Park, New Delhi, Delhi"
"City Healthcare Nursing Home, Alaknanda",28.5285,77.2515,"Main Road, Near Metro Station, Alaknanda, New Delhi, Delhi"
"Apex Multi-Specialty Clinic, Alaknanda",28.53,77.2503,"Commercial Complex, Pocket 2, Alaknanda, New Delhi, Delhi"
"City Healthcare Nursing Home, Saket Block J",28.5212,77.2085,"Main Road, Near Metro Station, Saket Block J, New Delhi, Delhi"
"Apex Multi-Specialty Clinic, Saket Block J",28.5227,77.2073,"Commercial Complex, Pocket 2, Saket Block J, New Delhi, Delhi"
"City Healthcare Nursing Home, Malviya Nagar",28.5322,77.2045,"Main Road, Near Metro Station, Malviya Nagar, New Delhi, Delhi"
"Apex Multi-Specialty Clinic, Malviya Nagar",28.5337,77.2033,"Commercial Complex, Pocket 2, Malviya Nagar, New Delhi, Delhi"
"City Healthcare Nursing Home, Hauz Khas",28.5422,77.2055,"Main Road, Near Metro Station, Hauz Khas, New Delhi, Delhi"
"Apex Multi-Specialty Clinic, Hauz Khas",28.5437,77.2043,"Commercial Complex, Pocket 2, Hauz Khas, New Delhi, Delhi"
"City Healthcare Nursing Home, Green Park",28.5585,77.2045,"Main Road, Near Metro Station, Green Park, New Delhi, Delhi"
"Apex Multi-Specialty Clinic, Green Park",28.56,77.2033,"Commercial Complex, Pocket 2, Green Park, New Delhi, Delhi"
"City Healthcare Nursing Home, Safdarjung Enclave",28.5615,77.1945,"Main Road, Near Metro Station, Safdarjung Enclave, New Delhi, Delhi"
"Apex Multi-Specialty Clinic, Safdarjung Enclave",28.563,77.1933,"Commercial Complex, Pocket 2, Safdarjung Enclave, New Delhi, Delhi"
"City Healthcare Nursing Home, Vasant Kunj Sector A",28.5215,77.1715,"Main Road, Near Metro Station, Vasant Kunj Sector A, New Delhi, Delhi"
"Apex Multi-Specialty Clinic, Vasant Kunj Sector A",28.523,77.1703,"Commercial Complex, Pocket 2, Vasant Kunj Sector A, New Delhi, Delhi"
"City Healthcare Nursing Home, Vasant Kunj Sector D",28.5145,77.1612,"Main Road, Near Metro Station, Vasant Kunj Sector D, New Delhi, Delhi"
"Apex Multi-Specialty Clinic, Vasant Kunj Sector D",28.516,77.16,"Commercial Complex, Pocket 2, Vasant Kunj Sector D, New Delhi, Delhi"
"City Healthcare Nursing Home, Vasant Vihar",28.5612,77.1645,"Main Road, Near Metro Station, Vasant Vihar, New Delhi, Delhi"
"Apex Multi-Specialty Clinic, Vasant Vihar",28.5627,77.1633,"Commercial Complex, Pocket 2, Vasant Vihar, New Delhi, Delhi"
"City Healthcare Nursing Home, R K Puram Sector 1",28.5712,77.1785,"Main Road, Near Metro Station, R K Puram Sector 1, New Delhi, Delhi"
"Apex Multi-Specialty Clinic, R K Puram Sector 1",28.5727,77.1773,"Commercial Complex, Pocket 2, R K Puram Sector 1, New Delhi, Delhi"
"City Healthcare Nursing Home, R K Puram Sector 4",28.5645,77.1812,"Main Road, Near Metro Station, R K Puram Sector 4, New Delhi, Delhi"
"Apex Multi-Specialty Clinic, R K Puram Sector 4",28.566,77.18,"Commercial Complex, Pocket 2, R K Puram Sector 4, New Delhi, Delhi"
"City Healthcare Nursing Home, Munirka",28.5545,77.1712,"Main Road, Near Metro Station, Munirka, New Delhi, Delhi"
"Apex Multi-Specialty Clinic, Munirka",28.556,77.17,"Commercial Complex, Pocket 2, Munirka, New Delhi, Delhi"
"City Healthcare Nursing Home, Sarojini Nagar",28.5745,77.2045,"Main Road, Near Metro Station, Sarojini Nagar, New Delhi, Delhi"
"Apex Multi-Specialty Clinic, Sarojini Nagar",28.576,77.2033,"Commercial Complex, Pocket 2, Sarojini Nagar, New Delhi, Delhi"
"City Healthcare Nursing Home, Mayur Vihar Phase 1",28.6145,77.2985,"Main Road, Near Metro Station, Mayur Vihar Phase 1, New Delhi, Delhi"
"Apex Multi-Specialty Clinic, Mayur Vihar Phase 1",28.616,77.2973,"Commercial Complex, Pocket 2, Mayur Vihar Phase 1, New Delhi, Delhi"
"City Healthcare Nursing Home, Mayur Vihar Phase 2",28.6195,77.3045,"Main Road, Near Metro Station, Mayur Vihar Phase 2, New Delhi, Delhi"
"Apex Multi-Specialty Clinic, Mayur Vihar Phase 2",28.621,77.3033,"Commercial Complex, Pocket 2, Mayur Vihar Phase 2, New Delhi, Delhi"
"City Healthcare Nursing Home, Mayur Vihar Phase 3",28.6012,77.3245,"Main Road, Near Metro Station, Mayur Vihar Phase 3, New Delhi, Delhi"
"Apex Multi-Specialty Clinic, Mayur Vihar Phase 3",28.6027,77.3233,"Commercial Complex, Pocket 2, Mayur Vihar Phase 3, New Delhi, Delhi"
"City Healthcare Nursing Home, Preet Vihar Block F",28.6465,77.2915,"Main Road, Near Metro Station, Preet Vihar Block F, New Delhi, Delhi"
"Apex Multi-Specialty Clinic, Preet Vihar Block F",28.648,77.2903,"Commercial Complex, Pocket 2, Preet Vihar Block F, New Delhi, Delhi"
"City Healthcare Nursing Home, Laxmi Nagar",28.6365,77.2785,"Main Road, Near Metro Station, Laxmi Nagar, New Delhi, Delhi"
"Apex Multi-Specialty Clinic, Laxmi Nagar",28.638,77.2773,"Commercial Complex, Pocket 2, Laxmi Nagar, New Delhi, Delhi"
"City Healthcare Nursing Home, Nirman Vihar",28.6395,77.2845,"Main Road, Near Metro Station, Nirman Vihar, New Delhi, Delhi"
"Apex Multi-Specialty Clinic, Nirman Vihar",28.641,77.2833,"Commercial Complex, Pocket 2, Nirman Vihar, New Delhi, Delhi"
"City Healthcare Nursing Home, Anand Vihar",28.6485,77.3145,"Main Road, Near Metro Station, Anand Vihar, New Delhi, Delhi"
"Apex Multi-Specialty Clinic, Anand Vihar",28.65,77.3133,"Commercial Complex, Pocket 2, Anand Vihar, New Delhi, Delhi"
"City Healthcare Nursing Home, Shahdara Main",28.6715,77.2945,"Main Road, Near Metro Station, Shahdara Main, New Delhi, Delhi"
"Apex Multi-Specialty Clinic, Shahdara Main",28.673,77.2933,"Commercial Complex, Pocket 2, Shahdara Main, New Delhi, Delhi"
"City Healthcare Nursing Home, Dilshad Garden Block B",28.6815,77.3245,"Main Road, Near Metro Station, Dilshad Garden Block B, New Delhi, Delhi"
"Apex Multi-Specialty Clinic, Dilshad Garden Block B",28.683,77.3233,"Commercial Complex, Pocket 2, Dilshad Garden Block B, New Delhi, Delhi"
"City Healthcare Nursing Home, Geeta Colony Block 3",28.6515,77.2715,"Main Road, Near Metro Station, Geeta Colony Block 3, New Delhi, Delhi"
"Apex Multi-Specialty Clinic, Geeta Colony Block 3",28.653,77.2703,"Commercial Complex, Pocket 2, Geeta Colony Block 3, New Delhi, Delhi"
"Regional Med Center, Indirapuram Niti Khand",28.6415,77.3712,"Main Sector Road, Indirapuram Niti Khand, Delhi NCR"
"Regional Med Center, Indirapuram Vaibhav Khand",28.6325,77.3812,"Main Sector Road, Indirapuram Vaibhav Khand, Delhi NCR"
"Regional Med Center, Vasundhara Sector 4",28.6612,77.3612,"Main Sector Road, Vasundhara Sector 4, Delhi NCR"
"Regional Med Center, Vasundhara Sector 12",28.6545,77.3545,"Main Sector Road, Vasundhara Sector 12, Delhi NCR"
"Regional Med Center, Vaishali Sector 3",28.6485,77.3412,"Main Sector Road, Vaishali Sector 3, Delhi NCR"
"Regional Med Center, Raj Nagar Extension",28.6945,77.4412,"Main Sector Road, Raj Nagar Extension, Delhi NCR"
"Regional Med Center, Kavi Nagar",28.6712,77.4312,"Main Sector Road, Kavi Nagar, Delhi NCR"
"Regional Med Center, Faridabad Sector 15",28.4012,77.3112,"Main Sector Road, Faridabad Sector 15, Delhi NCR"
"Regional Med Center, Faridabad Sector 16",28.4095,77.3185,"Main Sector Road, Faridabad Sector 16, Delhi NCR"
"Regional Med Center, Faridabad Sector 21",28.4145,77.2912,"Main Sector Road, Faridabad Sector 21, Delhi NCR"
"Regional Med Center, Faridabad Sector 37",28.4612,77.3012,"Main Sector Road, Faridabad Sector 37, Delhi NCR"
"Regional Med Center, Ballabhgarh",28.3312,77.3212,"Main Sector Road, Ballabhgarh, Delhi NCR"
